sector,close
Unknown,208.0928260904195
Technology,184.0860111355164
