sector,return
Unknown,69804.72384051443
Technology,284.94901409687185
Consumer Discretionary,243.3092156440866
Communication Services,180.06152724495198
